name,address,webpage,classification
Haitian Baptist Church ," 9 Russel Avenue Watertown, MA0247",https://www.fhbcofboston.org/,Food Kitchen
USCCB/ The Paulist Center and Wed. Supper Club ," 5 Park St. Boston, MA0210",https://www.paulistcenter.org/whence-the-wednesday-night-supper-club/,Food Kitchen
" Tifereth Raphael, Inc"," 77 Englewood Ave Brighton, MA0213",https://www.tiferethraphael.com/,Food Kitchen
 Ev. Holiness Food Pantry & Multiservices ," 55 Otis Street Medford, MA0215",http://www.gbfb.org/wp-content/uploads/2016/08/fbcma_agency_list_2015.pdf,Food Kitchen
 Boston/Oak Square YMCA ," 615 Washington Street Brighton, MA0213",https://ymcaboston.org/oaksquare/,Food Kitchen
 Haley House Food Pantry & Soup Kitchen ," 23 Dartmouth Street Boston, MA0211",https://haleyhouse.org/soup-kitchen/,Food Kitchen
SVDP/St. Raphael Food Pantry ," 38 Boston Ave Medford, MA0215",https://www.saintraphaelparish.org/food-pantry,Food Kitchen
St. Francis House Meals ," 39 Boylston St. Boston, MA0211",https://stfrancishouse.org/day-shelter/,Food Kitchen
 ABC/ People Baptist Church Food Pantry ," 134 Camden Street Roxbury, MA0211",https://osa.gse.harvard.edu/files/gse-osa/files/food_pantries_and_community_meal_programs_links_01.pdf,Food Kitchen
 ABCD/Allston Brighton ," 640 Washington St #202-201 Brighton, MA0213",https://bostonabcd.org/location/allston-brighton-noc/,Food Kitchen
 ABCD N. End/W.End Pantry and Neighborhood Services ," 1 Michelangelo Street Boston, MA0211",https://bostonabcd.org/location/north-end-west-end-nsc/,Food Kitchen
 SNAP Assistance Category Homeless services Whittier Street Health Center," 1290 Tremont Street Boston, MA0212",https://www.wshc.org/,Food Kitchen
ABCD/Parker Hill Fenway Nghbrhd Svc Ctr. ," 714 Parker St Roxbury, MA0212",https://bostonabcd.org/location/parkerhill-fenway-nsc/,Food Kitchen
 United Emmanuel Holiness Church ," 65 Windsor St. Roxbury, MA0212",https://www.yelp.com/biz/united-emmanuel-holiness-church-roxbury-crossing,Food Kitchen
 FFF/Tzu Chi ," 65 Harrison Ave Boston, MA0211",https://tzuchi.us/,Food Kitchen
Boston Rescue Mission / Pantry & Meals ," 39 Kingston St. Boston, MA0211",https://www.brm.org/nutrition-and-meal-program,Food Kitchen
St Anthony Shrine/Franciscan Food Center ," 100 Arch Street Boston, MA0211",https://stanthonyshrine.org/ministries/food-center/,Food Kitchen
 Watertown Food Pantry ," 80 Mt. Auburn St. Watertown, MA0247",https://www.watertown-ma.gov/330/Watertown-Food-Pantry,Food Kitchen
 Belmont Food Pantry ," 455 Concord Ave Belmont, MA0247",https://belmontfoodpantry.org/,Food Kitchen
Salvation Army/South End Food Pantry & Meals ," 1500 Washington Street Boston, MA0211",https://easternusa.salvationarmy.org/massachusetts/boston-south-end/,Food Kitchen